Title,New Chapter,Date,Author,Chapter Link,Website
Obey The Flowers,Chapter 40,"Nov 24,24",Fresno,https://chapmanganato.to/manga-us997553/chapter-40,Manganato
Shinkon Dakedo Kataomoi,Chapter 9,"Nov 24,24","Yukimori Sakura , 雪森さくら",https://chapmanganato.to/manga-bg1004589/chapter-9,Manganato
Kill The Dragon,Chapter 122,"Nov 24,24","Jobless Noble (백수귀족),Hyeonga (현가),Miseu Jisu (미스 지수)",https://chapmanganato.to/manga-no990871/chapter-122,Manganato
I Became The King By Scavenging,Chapter 40,"Nov 24,24",You Ma Wenhua (有马文化),https://chapmanganato.to/manga-xz1001034/chapter-40,Manganato
Seoul Station Druid,Chapter 168,"Nov 24,24",Jin Seol U,https://chapmanganato.to/manga-lz989334/chapter-168,Manganato
I Really Don't Want To Learn Forbidden Spells,Chapter 91,"Nov 24,24","丛潇, 昕博承飞",https://chapmanganato.to/manga-yz1002334/chapter-91,Manganato
Shiretto Sugee Koto Iteru Gal: Shiritsu Para No Marukoukou No Nichijou,Chapter 19: Xxxxxing Kinda Deal,"Nov 24,24","Otsuji,Matsuura Taichi",https://chapmanganato.to/manga-xq1000825/chapter-19,Manganato
Mizudako-Chan Kara Wa Nigerarenai!,Chapter 17: Demi Transfer Students,"Nov 24,24",Megame,https://chapmanganato.to/manga-yt1001702/chapter-17,Manganato
Nihonkoku Shoukan,Vol.9 Chapter 45: Neighboring Countries In Motion,"Nov 24,24","Takano Chiharu, Minorou",https://chapmanganato.to/manga-ca979609/chapter-45,Manganato
Vampire-Chan Can't Suck Properly,Vol.4 Chapter 39: Vampire-Chan And The School Trip - Part 1,"Nov 24,24",Nishiki Kyosuke,https://chapmanganato.to/manga-os992075/chapter-39,Manganato
Shane X Onna Oujoushu No Manga,Vol.2 Chapter 11: Shane's Seven Heart Event (The Joja Commercial),"Nov 24,24",tala,https://chapmanganato.to/manga-cb1005836/chapter-11,Manganato
The Strongest Haunted House And The Guy With No Spiritual Sense,Chapter 34: Fate,"Nov 24,24",Ikeda Keisuke,https://chapmanganato.to/manga-ke987813/chapter-34,Manganato
Chirijiri Yuku No,Chapter 25,"Nov 24,24",Mayuharu,https://chapmanganato.to/manga-yj1002118/chapter-25,Manganato
"Honey, I’M Going On A Strike",Chapter 123: A New Ruler,"Nov 24,24",Go eunchae,https://chapmanganato.to/manga-ml989846/chapter-123,Manganato
Hero's Party Want To Experience Love,Chapter 25,"Nov 24,24",Yamada Henjuban,https://chapmanganato.to/manga-vs998727/chapter-25,Manganato
Koi No Zetsubou Koushinkyoku,Vol.1 Chapter 8: Our Temperature,"Nov 24,24",Tomizawa Michika,https://chapmanganato.to/manga-uk998067/chapter-8,Manganato
Yang Energy,Chapter 8,"Nov 24,24",Su-Sung,https://chapmanganato.to/manga-bw1005331/chapter-8,Manganato
The Ghost's Nocturne,Chapter 73,"Nov 24,24","Ananas , CRJade",https://chapmanganato.to/manga-qg993915/chapter-73,Manganato
Overclock,Chapter 46,"Nov 24,24",Won Churi,https://chapmanganato.to/manga-th997264/chapter-46,Manganato
Obsession Is Not Allowed,Chapter 7,"Nov 24,24",,https://chapmanganato.to/manga-cw1005831/chapter-7,Manganato
One Day A Message Window Appeared Out Of Nowhere!?,Chapter 38,"Nov 24,24",Ooide-kun,https://chapmanganato.to/manga-ye1002087/chapter-38,Manganato
Cyfandir Chronicles,Vol.1 Chapter 4: Aegis,"Nov 24,24",Tony Valente,https://chapmanganato.to/manga-bh1005290/chapter-4,Manganato
Juvenile Law,"Chapter 27: ""real""","Nov 24,24","Byung Jan (Sgt.), park man-sa, Haetae",https://chapmanganato.to/manga-zc1002637/chapter-27,Manganato
I Reincarnated As A Legendary Surgeon,Chapter 134,"Nov 24,24","shaimel (샤이멜), Dongshin Park (박동신)",https://chapmanganato.to/manga-nz990934/chapter-134,Manganato
Slime Saint,Chapter 23: Tangled,"Nov 24,24","Umashi,Yao Aira",https://chapmanganato.to/manga-we999961/chapter-23,Manganato
"After I Save The Ice Princess From Another School From A Mol*ster, We Started As Friends",Chapter 4.2: The Timing,"Nov 24,24",Hiryu Satsuki,https://chapmanganato.to/manga-yc1002111/chapter-4.2,Manganato
Bones,Chapter 12,"Nov 24,24","Igeon,Museonmin",https://chapmanganato.to/manga-up997650/chapter-12,Manganato
Bar Flowers,Vol.2 Chapter 17,"Nov 24,24",Yukino,https://chapmanganato.to/manga-qm993821/chapter-17,Manganato
Trump (Hamaguri),Vol.5 Chapter 27: Fiery Annihilation,"Nov 24,24","SUEMITSU Kenichi , Hamaguri , 末満健一",https://chapmanganato.to/manga-rh995142/chapter-27,Manganato
Battle Studies,Vol.17 Chapter 168: Night Before The Final,"Nov 24,24",Nakibokuro,https://chapmanganato.to/manga-zx1002380/chapter-168,Manganato
Ranker's Return (Remake),Chapter 166,"Nov 24,24","B-ram (영비람), to walk (이산책), yeong Biram",https://chapmanganato.to/manga-ma989483/chapter-166,Manganato
Original Chronicle Magical Girl Lyrical Nanoha The 1St,Vol.3 Chapter 9,"Nov 24,24",Masaki Tsuzuki,https://chapmanganato.to/manga-fy982681/chapter-9,Manganato
The Ravages Of Time,Chapter 611: Men On The Path,"Nov 24,24",Chen Mou,https://chapmanganato.to/manga-ls952553/chapter-611,Manganato
Transcension Academy,Chapter 136,"Nov 24,24","Eojjeoda (어쩌다),Kkyujanneu (뀨잔느)",https://chapmanganato.to/manga-ox991632/chapter-136,Manganato
The Holy Knight's Dark Road,Chapter 8,"Nov 24,24","Sakaishi Yusaku,Ichi Fujinitaka",https://chapmanganato.to/manga-go984349/chapter-8,Manganato
Murim Salon,Chapter 18,"Nov 24,24","Mannyeon 2 Inja, Jiun",https://chapmanganato.to/manga-zm1002369/chapter-18,Manganato
Ai To Noroi,Vol.2 Chapter 6: Anger,"Nov 24,24",Fumi Fumiko,https://chapmanganato.to/manga-vw998979/chapter-6,Manganato
Please Get Out Of My Household,Chapter 37,"Nov 24,24",Tak Yeha,https://chapmanganato.to/manga-yh1001564/chapter-37,Manganato
Ouji-Sama No Dakimakura,Vol.1 Chapter 3,"Nov 24,24",Hashimoto Mitsu,https://chapmanganato.to/manga-za1002409/chapter-3,Manganato
Strongest Level 1,Chapter 46,"Nov 24,24","Yoo Deul, Kim Dong-Hyuk",https://chapmanganato.to/manga-xt1000776/chapter-46,Manganato
Heir Of Mythical Heroes,Chapter 68,"Nov 24,24","Ttongmas Doenjang, Jagam, KWON",https://chapmanganato.to/manga-th996616/chapter-68,Manganato
Spice & Wolf: Spring Log,Chapter 1.2,"Nov 24,24",Hasekura Isuna,https://chapmanganato.to/manga-ct1005876/chapter-1.2,Manganato
Regressor Instruction Manual,Chapter 118,"Nov 24,24","Domi , wooden spoon , MIDNIGHT STUDIO , 독점 , 수 연재",https://chapmanganato.to/manga-ma989983/chapter-118,Manganato
Yomei Nikagetsu No Isekai Kenkouhou,"Chapter 15: Lies, Truths, And Secrets","Nov 24,24",Munakata,https://chapmanganato.to/manga-sp995572/chapter-15,Manganato
The Legend Of Bureaucrat Matsurika,Vol.3 Chapter 11,"Nov 24,24","Rinne Ishida, Waka Takase",https://chapmanganato.to/manga-dd980560/chapter-11,Manganato
I Will Become The Villain's Poison Taster,Chapter 60,"Nov 24,24","Nemolaming,Pilyoo",https://chapmanganato.to/manga-vg999089/chapter-60,Manganato
The Maou Is Troubled By The Suicidal Heroine,Vol.2 Chapter 14: The Festival Of Savagery Begins!,"Nov 24,24",Bushiyama,https://chapmanganato.to/manga-mm989495/chapter-14,Manganato
Rikai No Aru Karen-Chan,Chapter 184,"Nov 24,24",ringoanu,https://chapmanganato.to/manga-uv997930/chapter-184,Manganato
Hitoduma Medusa-San To No Ntr Seikatsu,Chapter 7,"Nov 24,24",Shaoh,https://chapmanganato.to/manga-xi1000391/chapter-7,Manganato
The Adopted Daughter Saves The World,Chapter 64,"Nov 24,24",Jinju,https://chapmanganato.to/manga-xl1000720/chapter-64,Manganato
Sunshine Shower,Chapter 65,"Nov 24,24",TREEK,https://chapmanganato.to/manga-rt995302/chapter-65,Manganato
The Betrayed Hero Who Was Reincarnated As The Strongest Demon Lord,Chapter 17.1: The Form Of The Strongest,"Nov 24,24","Rokushima Asa,Mukawa Tomohisa",https://chapmanganato.to/manga-jl986720/chapter-17.1,Manganato
Fell Into The Arms Of A Mad Villain,Chapter 46,"Nov 24,24","Jin Yoorim , Yoon Jiseon",https://chapmanganato.to/manga-wu1000255/chapter-46,Manganato
Eren The Southpaw,Vol.2 Chapter 16,"Nov 24,24","Kappy , nifuni",https://chapmanganato.to/manga-zq1002599/chapter-16,Manganato
Dance Dance Danseur,Vol.17 Chapter 148,"Nov 24,24",George Asakura,https://chapmanganato.to/manga-kg987589/chapter-148,Manganato
"Dear, 00",Chapter 25,"Nov 24,24",Brothers Without a Tomorrow,https://chapmanganato.to/manga-zn1002422/chapter-25,Manganato
Daily Thick Fog,Chapter 35,"Nov 24,24",PlanB,https://chapmanganato.to/manga-bp1004972/chapter-35,Manganato
Wonderful Precure!,Chapter 5,"Nov 24,24","Kamikita Futago , TODO Izumi",https://chapmanganato.to/manga-xo1001197/chapter-5,Manganato
Bear With Me,Chapter 38,"Nov 24,24",Chinook,https://chapmanganato.to/manga-br1004574/chapter-38,Manganato
"Eroge Sekai Ni Tensei Shita Ore Ga, Oshi E No Ai De Netorare Heroine O Shiawase Ni Suru.",Vol.1 Chapter 7,"Nov 24,24","Mizushiro Mizuki , SATSUKI Asha",https://chapmanganato.to/manga-ar1003800/chapter-7,Manganato
Over Rev!,Chapter 277: Nami's Guess,"Nov 24,24",Yamaguchi Katsumi,https://chapmanganato.to/manga-ts953327/chapter-277,Manganato
Sensou Kyoushitsu,Chapter 29: Zoe's World,"Nov 24,24",Sora Mozuku,https://chapmanganato.to/manga-rl994446/chapter-29,Manganato
Jk Modeler's Guide,"Chapter 3.5: Hasegawa 1/350 Shimakaze, 'late Type' - Part 2","Nov 24,24","Kurusu Doug, Wakaki Tamiki",https://chapmanganato.to/manga-rn995022/chapter-3.5,Manganato
I’M In Love With My Foe,Chapter 114,"Nov 24,24",,https://chapmanganato.to/manga-vn998448/chapter-114,Manganato
Karada Sagashi,Vol.4 Chapter 28,"Nov 24,24",Welzard,https://chapmanganato.to/manga-tc970659/chapter-28,Manganato
Rokudenashi Blues,Vol.34 Chapter 338: Vector,"Nov 24,24",Morita Masanori,https://chapmanganato.to/manga-wg953615/chapter-338,Manganato
I Became A First-Class Guide Thanks To My Childhood Friends,Chapter 8,"Nov 24,24","脆皮你鱼 , 二三玖陆工作室",https://chapmanganato.to/manga-be1005313/chapter-8,Manganato
"The Useless Skill [Auto Mode] Has Been Awakened ~Huh, Guild's Scout, Didn't You Say I Wasn't Needed Anymore?~",Chapter 61,"Nov 24,24","Lagun , NAKAJIMA Rei , 軍",https://chapmanganato.to/manga-pi992691/chapter-61,Manganato
Ore Wa Subete Wo “Parry” Suru,Chapter 21.2,"Nov 24,24","Nabeshiki,KRSG",https://chapmanganato.to/manga-kx987380/chapter-21.2,Manganato
My Ruined Academy,Chapter 23,"Nov 24,24","ROHRAN, Seoul Media Comics , BIN , GG",https://chapmanganato.to/manga-zn1002770/chapter-23,Manganato
Ragna Crimson,Chapter 78.2: Big Wave (Part 2),"Nov 24,24",Kobayashi Daiki,https://chapmanganato.to/manga-zj976744/chapter-78.2,Manganato
The Devil Is Troubled By The Suicidal Heroine,Chapter 14: The Festival Of Savagery Begins!,"Nov 24,24",Bushiyama,https://chapmanganato.to/manga-dc980885/chapter-14,Manganato
Beethoven Reborn,Chapter 26,"Nov 24,24","Woojin, Jayeoung-I",https://chapmanganato.to/manga-yb1001710/chapter-26,Manganato
A Suspicious Confession,Chapter 69,"Nov 24,24","eonjeong , Eun Do-cheol",https://chapmanganato.to/manga-vu999155/chapter-69,Manganato
Shinkon Quest,Chapter 6.1,"Nov 24,24","Sayuco , 眞行内さゆこ",https://chapmanganato.to/manga-ab1003910/chapter-6.1,Manganato
Negative Love,Chapter 4,"Nov 24,24",Jonggyeon,https://chapmanganato.to/manga-bn1004896/chapter-4,Manganato
"Kyou Mo Kitansu Ka, Yoda-Senpai.",Chapter 62,"Nov 24,24",Kurokawa Yuuya,https://chapmanganato.to/manga-uc998085/chapter-62,Manganato
Newlywed Quest: The Demon King's Daughter Wants To Seduce The Serious Hero ♡,Chapter 6.1,"Nov 24,24",Sayuco,https://chapmanganato.to/manga-bu1005329/chapter-6.1,Manganato
Seitokai Ni Mo Ana Wa Aru!,Chapter 47: Komaro And The Zoo (Part 1),"Nov 24,24",Muchi Maro,https://chapmanganato.to/manga-ol992168/chapter-47,Manganato
Unnamed Memory,Chapter 40: The End Of A Dream (4),"Nov 24,24","Furumiya Kuji,Koshimizu Naoki",https://chapmanganato.to/manga-ku987677/chapter-40,Manganato
Royal Marriage,Chapter 83,"Nov 24,24","Portofino , Huiya , Heeya , 희야",https://chapmanganato.to/manga-om991495/chapter-83,Manganato
How To Perfectly End A Contract Marriage,Chapter 31,"Nov 24,24",EUN Hae-yoon,https://chapmanganato.to/manga-bu1004603/chapter-31,Manganato
So I Married An Abandoned Crown Prince,Chapter 72,"Nov 24,24","Eclair, Sanha",https://chapmanganato.to/manga-sc995985/chapter-72,Manganato
The Princess Is Evil,Chapter 129,"Nov 24,24",Cha soheec / Ggomi,https://chapmanganato.to/manga-lb988936/chapter-129,Manganato
A Genius Writer's Random Workplace,Chapter 61,"Nov 24,24","글맛, 게장맛집, 펭스",https://chapmanganato.to/manga-ws1000127/chapter-61,Manganato
The Top Couple Is A Bit Sweet,Chapter 99,"Nov 24,24",三原社,https://chapmanganato.to/manga-rg994841/chapter-99,Manganato
Soul Fire,Chapter 4,"Nov 24,24",톨쥬,https://chapmanganato.to/manga-cv1005704/chapter-4,Manganato
The Villainess Debuts Gorgeously,Chapter 86,"Nov 24,24","G. seasoning , Inive , Ji Eun Seol , ChimpaenZ",https://chapmanganato.to/manga-qj993866/chapter-86,Manganato
Beloved Tyrant,Chapter 49,"Nov 24,24","Dry Tofu , Jaewon Lee , Yangmal , 건두부",https://chapmanganato.to/manga-pb993136/chapter-49,Manganato
Boundless Necromancer,Chapter 112,"Nov 24,24","Seonun , 2salang",https://chapmanganato.to/manga-qp993572/chapter-112,Manganato
Show Me Your Love!,Chapter 23,"Nov 24,24",Rimukoro,https://chapmanganato.to/manga-tq997099/chapter-23,Manganato
Life As The Maid Of The Prisoner Prince,Chapter 47,"Nov 24,24","yeonhan , D.Rano",https://chapmanganato.to/manga-ul997394/chapter-47,Manganato
Miracle Physical Therapist,Chapter 44,"Nov 24,24",Jeon Yul,https://chapmanganato.to/manga-uw997779/chapter-44,Manganato
Corrupting The Heroine's First Love,Chapter 63,"Nov 24,24","Mogwa, Cha Sohee , 차소희 , Digital Craftsman",https://chapmanganato.to/manga-zd1002486/chapter-63,Manganato
Blacksmith Zig,Chapter 71,"Nov 24,24","Kang Chan , Next Level Studio",https://chapmanganato.to/manga-vp998724/chapter-71,Manganato
Night Of London,Chapter 42,"Nov 24,24","laln, Hayu",https://chapmanganato.to/manga-sm995421/chapter-42,Manganato
Magic Academy’S Genius Blinker,Chapter 44,"Nov 24,24","Eunmilhi,Seoyu",https://chapmanganato.to/manga-zb1002910/chapter-44,Manganato
Return Of The Legendary Spear Knight,Chapter 150,"Nov 24,24","Jo Huang,Studio Ignis,Teacher Jo",https://chapmanganato.to/manga-ma989757/chapter-150,Manganato
Come To Hand,Vol.02 Extra.05.7,"Nov 24,24",Sei,https://chapmanganato.to/manga-zc1002837/chapter-6.8,Manganato
Worthless Profession: Dragon Tamer,Chapter 69,"Nov 24,24",鬼泣双刀坎上天（原著）,https://chapmanganato.to/manga-xt1000702/chapter-69,Manganato
Gundam Exa Vs,Vol.4 Chapter 17: Episode 17: Break Through Extreme Evolution!,"Nov 24,24","Tomohiro Chiba , CHIBA Tomohiro , YATATE Hajime , TOKITA Kouichi",https://chapmanganato.to/manga-az1003982/chapter-17,Manganato
Ping Pong Club,Vol.10 Chapter 114: I'm Sorry,"Nov 24,24",Furuya Minoru,https://chapmanganato.to/manga-qs968353/chapter-114,Manganato
"Nukita L - I Live On An Island Straight From A Fap Game, What On Earth Should I Do?",Chapter 11: Crazy Sexy,"Nov 24,24","Mame Oji Tan,Qruppo",https://chapmanganato.to/manga-mb990084/chapter-11,Manganato
Whimsy Whimsy Witch,Chapter 21: Pushy Pushy,"Nov 24,24","duc_94, @duc_94",https://chapmanganato.to/manga-cf1005688/chapter-21,Manganato
Kimi No Love Wo Misetekure!,Chapter 23,"Nov 24,24",Rimukoro,https://chapmanganato.to/manga-sm996221/chapter-23,Manganato
Watashi Ni Yasashii Yoru,Vol.1 Chapter 4,"Nov 24,24",Sakurazawa Erica,https://chapmanganato.to/manga-ad1003912/chapter-4,Manganato
My Disciples Are All Invincible Monsters,Chapter 11,"Nov 24,24",vucuong,https://chapmanganato.to/manga-br1004674/chapter-11,Manganato
Maxed Strength Necromancer,Chapter 64,"Nov 24,24",黑鸟社,https://chapmanganato.to/manga-wf999362/chapter-64,Manganato
Rust,Chapter 14,"Nov 24,24",,https://chapmanganato.to/manga-bb1005336/chapter-14,Manganato
I'm In Love With Mr. Hanabusa's Mouth,Chapter 69,"Nov 24,24",Taketa,https://chapmanganato.to/manga-ao1004249/chapter-69,Manganato
Ex-Husband Wants To Marry Again,Chapter 92,"Nov 24,24","书耽网 , 糖糕很甜 , 行路漫画",https://chapmanganato.to/manga-rs995001/chapter-92,Manganato
I Seduced The Sickly Male Lead,Chapter 72,"Nov 24,24","Sadyu , Senri",https://chapmanganato.to/manga-oq991799/chapter-72,Manganato
Adelia – Flower’S Bondage,Chapter 64,"Nov 24,24",Yeon Seul Ah,https://chapmanganato.to/manga-pz992808/chapter-64,Manganato
My Harem Is Entirely Female Demon Villains,Chapter 144,"Nov 24,24","Wu You Bazongzui , Feizhou Juan , Ke Lanjiyuan Tianqiao , Yingdong Wenchuang",https://chapmanganato.to/manga-mg990015/chapter-144,Manganato
Kunigei - Okuni University Art Department Film Program,Chapter 14,"Nov 24,24",Yosuke Takano,https://chapmanganato.to/manga-yn1002270/chapter-14,Manganato
Navigatoria,Chapter 24,"Nov 24,24",Oshiishi Waka,https://chapmanganato.to/manga-xt1001002/chapter-24,Manganato
Shin Tokyo,Chapter 94,"Nov 24,24",Sakaki Kenji,https://chapmanganato.to/manga-pn992548/chapter-94,Manganato
Monochrome Days,Chapter 7,"Nov 24,24",Matsumoto Yousuke,https://chapmanganato.to/manga-cn1005496/chapter-7,Manganato
A Tree Without Roots,Chapter 67,"Nov 24,24","라포 , Lapo",https://chapmanganato.to/manga-qb994084/chapter-67,Manganato
"First Love, Lasting Hate",Chapter 71,"Nov 24,24",망두,https://chapmanganato.to/manga-tk996867/chapter-71,Manganato
Rebirth Of The Urban Immortal Cultivator,Chapter 1028,"Nov 24,24","Daxingdao Anime,Shili Jianshen,Uncle Zhong",https://chapmanganato.to/manga-fr982926/chapter-1028,Manganato
Drunk Bullet,Chapter 20,"Nov 24,24",Takakuchi Yanagi,https://chapmanganato.to/manga-zs1002401/chapter-20,Manganato
Insect Girl,Chapter 12,"Nov 24,24",Aki Kanya,https://chapmanganato.to/manga-af1003940/chapter-12,Manganato
Martial Peak,Chapter 3779,"Nov 24,24",Momo (ii),https://chapmanganato.to/manga-bn978870/chapter-3779,Manganato
Liquor Gummies,Chapter 52,"Nov 24,24",抽筋可乐_Alice,https://chapmanganato.to/manga-jf986662/chapter-52,Manganato
Hero Organization,Chapter 9,"Nov 24,24",Saikawa Kei,https://chapmanganato.to/manga-bi1004591/chapter-9,Manganato
Another World In Japan ~The Third Son Of The Assassin Family Reigns Supreme In A Transformed Japan~,Vol.4 Chapter 41: Cleansing,"Nov 24,24",Nakamura Yuuji,https://chapmanganato.to/manga-ts997127/chapter-41,Manganato
Mother Parasite,Chapter 32,"Nov 24,24",Satou Hirohisa,https://chapmanganato.to/manga-aj1004218/chapter-32,Manganato
My Hyung's Lover,Chapter 50,"Nov 24,24",Lee Hana,https://chapmanganato.to/manga-pe993013/chapter-50,Manganato
Existential Unplugged,Chapter 16,"Nov 24,24","Masaya Kana , Saji Komori",https://chapmanganato.to/manga-yw1001731/chapter-16,Manganato
Can I Live With You?,Chapter 31: What Are Financial Values?,"Nov 24,24",Sasuga Kei,https://chapmanganato.to/manga-so995649/chapter-31,Manganato
Battle In 5 Seconds After Meeting,Vol.26 Chapter 225.2,"Nov 24,24",Harawata Saizou,https://chapmanganato.to/manga-mf989640/chapter-225.2,Manganato
Oshibana!,Chapter 36,"Nov 24,24",Shima Tokio,https://chapmanganato.to/manga-nm990395/chapter-36,Manganato
Koori No Hime Wa Chiisana Hidamari De Tokasaretai,Chapter 11,"Nov 24,24",Kitamura Akatsuki,https://chapmanganato.to/manga-zu1003055/chapter-11,Manganato
The Villainous Daughter Won’T Submit To The Arrogant Count -There’S No Love In A Sham Marriage!,Chapter 7,"Nov 24,24",ANRI Kei,https://chapmanganato.to/manga-yh1001642/chapter-7,Manganato
Inu Kitarinaba Haru Toukaraji,Chapter 4,"Nov 24,24","SATOU Ichigo , Yoshizuka Mayako",https://chapmanganato.to/manga-az1003434/chapter-4,Manganato
Akuyaku Reijou Ni Tensei Shitara Tekikoku Mittei Ni Kyuukonsaremashita!?,Chapter 8,"Nov 24,24",Senshi Moyu,https://chapmanganato.to/manga-av1003856/chapter-8,Manganato
Evolution Begins With A Big Tree,Chapter 302,"Nov 24,24","绯红之夜, 黑鸟社",https://chapmanganato.to/manga-of992114/chapter-302,Manganato
I Really Don't Want To Remake,Chapter 389,"Nov 24,24",Pikapi (噼咔噼),https://chapmanganato.to/manga-os992301/chapter-389,Manganato
Prison Love,Chapter 41,"Nov 24,24","Kim Duyu, Manju, Magoing",https://chapmanganato.to/manga-zv1003004/chapter-41,Manganato
"Please Bully Me, Miss Villainess!",Vol.7 Chapter 101: Two Daughters,"Nov 24,24","Chise, Ciwei Mao Yuedu",https://chapmanganato.to/manga-ni990517/chapter-101,Manganato
Sandwiched,Chapter 195,"Nov 24,24",Mandarin Girl,https://chapmanganato.to/manga-rp994450/chapter-195,Manganato
Meng Shi Zai Shang,Chapter 302,"Nov 24,24",Big Demon King Man Hua,https://chapmanganato.to/manga-dk980919/chapter-302,Manganato
12-Sai,Vol.1 Chapter 4: Confession ~ Age 2,"Nov 24,24",Maita Nao,https://chapmanganato.to/manga-vt998576/chapter-4,Manganato
The Yandere Sister Just Wants Me To Bully Her,Chapter 48,"Nov 24,24","Ru Meng Studio , 如梦画社",https://chapmanganato.to/manga-zi1002591/chapter-48,Manganato
Countach,Vol.13 Chapter 117: Star Of The Time,"Nov 24,24",Umezawa Haruto,https://chapmanganato.to/manga-vn952096/chapter-117,Manganato
Desire,Chapter 3,"Nov 24,24",C.R Jade,https://chapmanganato.to/manga-cx1005806/chapter-3,Manganato
Higanjima - Last 47 Days,Vol.8 Chapter 81: Ground Level,"Nov 24,24",Koji Matsumoto,https://chapmanganato.to/manga-gt984102/chapter-81,Manganato
Yubisaki Kara Honki No Netsujou,Chapter 186,"Nov 24,24",Tanishi kawano,https://chapmanganato.to/manga-lm988747/chapter-186,Manganato
Nasty Fever,Chapter 31,"Nov 24,24","Hwang-je , Kim Yeonghan",https://chapmanganato.to/manga-yn1001370/chapter-31,Manganato
Married To Madness,Chapter 18,"Nov 24,24","Cocoa Ring , Tara",https://chapmanganato.to/manga-ao1004123/chapter-18,Manganato
"Zense De Shinu Hodo Kiraidatta Ouji Wa, Watashi Ga Aisanai To Shinurashiidesu?",Chapter 6,"Nov 24,24",Haruhi Haru,https://chapmanganato.to/manga-ah1003516/chapter-6,Manganato
Neko No Te Datte Yaku Ni Tatsu,Chapter 284: Because She's An Idiot,"Nov 24,24",NOBEL,https://chapmanganato.to/manga-wb999658/chapter-284,Manganato
Be Quiet And Don’T Even Smile In The Office,Chapter 59,"Nov 24,24","Kim Chacha , Hong Gwa",https://chapmanganato.to/manga-ul998268/chapter-59,Manganato
Becoming The Lady Of The Cursed Ducal House,Chapter 55,"Nov 24,24",SS.Kim,https://chapmanganato.to/manga-wk1000293/chapter-55,Manganato
Tales Of Sarimin The Jinn,Chapter 138,"Nov 24,24",Updating,https://chapmanganato.to/manga-ma990157/chapter-138,Manganato
The Most Perfect Marriage,Chapter 67,"Nov 24,24","Chuchong , Park Shin",https://chapmanganato.to/manga-zi1002991/chapter-67,Manganato
"Nando Dakaretatte, Suki Ni Nanka Naranai Yo.",Chapter 77,"Nov 24,24",Wasou miyakoshi,https://chapmanganato.to/manga-ai1003717/chapter-77,Manganato
Kirio Fanclub,Vol.2 Chapter 11,"Nov 24,24",Chikyuu no Osakana Pon-chan,https://chapmanganato.to/manga-bp1004524/chapter-11,Manganato
Kyoushi No Orera Wa Shite Mo Ii Desho? - Majime-Sensei Wa Charaotoko-Sensei Ni Kanawanai,Chapter 29,"Nov 24,24",Nanoka,https://chapmanganato.to/manga-ak1003667/chapter-29,Manganato
"Ore No Yubi De Midarero. ~Heitengo No Saron, Ijiwaru Ni Jirasarete",Chapter 107,"Nov 24,24",Neco,https://chapmanganato.to/manga-ts997353/chapter-107,Manganato
"Princess To Knight-San - Saikyou Ni Kawaii Kouhai Ga, Kareshi Na Wake",Chapter 7,"Nov 24,24",Yokozawa,https://chapmanganato.to/manga-ay1004207/chapter-7,Manganato
A Rare Marriage: How To Grill Our Love,Vol.14 Chapter 119: Aim For Beautiful Skin! Summer Memory Tomato Curry.,"Nov 24,24",Shiori Hanatsuka,https://chapmanganato.to/manga-ja987209/chapter-119,Manganato
Merry Marbling,Chapter 91,"Nov 24,24",Pengki,https://chapmanganato.to/manga-qi993491/chapter-91,Manganato
Last Dot,Chapter 19,"Nov 24,24",Bbooner,https://chapmanganato.to/manga-zd1002538/chapter-19,Manganato
This World Is Money And Power,Chapter 191,"Nov 24,24",Han Dong Woo,https://chapmanganato.to/manga-ca979909/chapter-191,Manganato
God Is Telling Me To Fall In Love,Vol.5 Chapter 29,"Nov 24,24",HANAMATSU Ayaka,https://chapmanganato.to/manga-kp988098/chapter-29,Manganato
Chieri's Love Is 8 Meters,Chapter 60,"Nov 24,24",Mitogawa Wataru,https://chapmanganato.to/manga-ph992916/chapter-60,Manganato
"The Villainess, Cecilia Silvie, Doesn't Want To Die, So She Decided To Cross-Dress!",Chapter 24,"Nov 24,24","Akizakura Hiroro,Akiyama Shino",https://chapmanganato.to/manga-ig985489/chapter-24,Manganato
Wolf Falls In Love With Moon,Chapter 3: As If We Could Get Along,"Nov 24,24",Komaki Maria,https://chapmanganato.to/manga-cp1005498/chapter-3,Manganato
Roommates (Okazaki Shigeru),Chapter 169,"Nov 24,24",OKAZAKI Shigeru,https://chapmanganato.to/manga-uj997544/chapter-169,Manganato
Parasitic Pandemic,Vol.2 Chapter 14: Establishment Of A Watch Group,"Nov 24,24",Edogawa Edogawa,https://chapmanganato.to/manga-bj1004592/chapter-14,Manganato
A Divorced Evil Lady Bakes Cakes,Chapter 65,"Nov 24,24","Dandelion Wine , 민들레와인님",https://chapmanganato.to/manga-pc993137/chapter-65,Manganato
The Closet Fan Princess,Chapter 43,"Nov 24,24","Saeseng , Yang Gwa Ram , HanaBi (II)",https://chapmanganato.to/manga-yg1002163/chapter-43,Manganato
Suterare Elf-San Wa Sekai De Ichiban Tsuyokute Kawaii!,Chapter 3.2,"Nov 24,24","Tsukiyo Rui , YAMADA Soda",https://chapmanganato.to/manga-zd1002560/chapter-3.2,Manganato
Animal Kingdom,Chapter 45,"Nov 24,24",Ppurin,https://chapmanganato.to/manga-ce1005413/chapter-45,Manganato
Naked Camera,Chapter 46,"Nov 24,24",Honna Wakou,https://chapmanganato.to/manga-xf1000862/chapter-46,Manganato
Princess And Dragon,Chapter 37,"Nov 24,24","吼吼溅, 小熊硬糖",https://chapmanganato.to/manga-wm999369/chapter-37,Manganato
All The Female Apprentices Want To Kill Me,Chapter 158,"Nov 24,24",金古文化,https://chapmanganato.to/manga-rp994372/chapter-158,Manganato
Boy Girlfriend,Chapter 153,"Nov 24,24",Pastaflavour,https://chapmanganato.to/manga-uc998259/chapter-153,Manganato
Behold The True Villainess,Chapter 133,"Nov 24,24",Jeongdeun,https://chapmanganato.to/manga-kh987964/chapter-133,Manganato
Cavier Falcon Princess,Chapter 100,"Nov 24,24","Dongjeon,Han ryui,Samweoleh",https://chapmanganato.to/manga-lv989078/chapter-100,Manganato
Guilty Circle,Vol.3 Chapter 20: Arousal And Guilt,"Nov 24,24","Monma Tsukasa , YAMAMOTO Yammy",https://chapmanganato.to/manga-as1003853/chapter-20,Manganato
My Harem Is Entirely Female Demon Villains,Chapter 155,"Nov 24,24","Wu You Bazongzui , Feizhou Juan , Ke Lanjiyuan Tianqiao , Yingdong Wenchuang",https://chapmanganato.to/manga-mg990015/chapter-155,Manganato
Onmir The Oddity,Vol.2 Chapter 15,"Nov 24,24",Aguadepera,https://chapmanganato.to/manga-wh1000016/chapter-15,Manganato
Saint Seiya - Rerise Of Poseidon,Chapter 11: The Demon Fist Descends!,"Nov 24,24","SUDA Tsunakan, Kurumada Masami",https://chapmanganato.to/manga-qs994101/chapter-11,Manganato
Hundred Ghost Stories Of My Own Death,Chapter 92: Zashiki-Warashi,"Nov 24,24",Matono Anji,https://chapmanganato.to/manga-me990113/chapter-92,Manganato
Transmetropolitan,Chapter 43,"Nov 24,24","Warren Ellis , Darick Robertson",https://chapmanganato.to/manga-bt1004928/chapter-43,Manganato
Crossed: Badlands,Chapter 25,"Nov 24,24",Garth Ennis,https://chapmanganato.to/manga-cf1005414/chapter-25,Manganato
Deadly Class,Chapter 42,"Nov 24,24",Rick Remender,https://chapmanganato.to/manga-xf1000640/chapter-42,Manganato
My Broken Vampire,Chapter 19,"Nov 24,24",Rinno Miki,https://chapmanganato.to/manga-ac1003559/chapter-19,Manganato
Maseknam - A Sexy Magician,Chapter 67,"Nov 24,24","Saimon, 육시몬| , RD , Yuk Simon , Tyrs",https://chapmanganato.to/manga-or991900/chapter-67,Manganato
Moonstruck,Chapter 8,"Nov 24,24",젤리피쉬 작가님,https://chapmanganato.to/manga-ck1005545/chapter-8,Manganato
My Beloved Oppressor,Chapter 47,"Nov 24,24","Seo Sahee , LICO",https://chapmanganato.to/manga-xy1001207/chapter-47,Manganato
Kissing You Before Going To Bed,Chapter 42,"Nov 24,24",Lee Chaeun,https://chapmanganato.to/manga-wn999622/chapter-42,Manganato
I’M From Alien Space,Chapter 38,"Nov 24,24",黑鸟社,https://chapmanganato.to/manga-of992340/chapter-38,Manganato
It Turns Out That I Have Been Invincible For A Long Time,Chapter 10,"Nov 24,24",奇想漫画,https://chapmanganato.to/manga-wi1000117/chapter-10,Manganato
My Animal-Eared Maid Is At Home,Chapter 47,"Nov 24,24",Sawayaka Samehada,https://chapmanganato.to/manga-rj994392/chapter-47,Manganato
My Wife Is From A Thousand Years Ago,Chapter 331,"Nov 24,24",Updating,https://chapmanganato.to/manga-nm990569/chapter-331,Manganato
Book Of The Lion,Chapter 16,"Nov 24,24","Rangddo , Kilo , 랑또",https://chapmanganato.to/manga-zh1002616/chapter-16,Manganato
The Villain’S Match Is Too Perfect,Chapter 53,"Nov 24,24",Chae Jooah,https://chapmanganato.to/manga-wq999425/chapter-53,Manganato
My Love Tiger,Chapter 314,"Nov 24,24","Kanel, Yoon Jae Ho",https://chapmanganato.to/manga-qc951785/chapter-314,Manganato
Idolmaster Shiny Colors Coherent Light,Vol.3 Chapter 13.1: Interpretation (Part 1),"Nov 24,24",Ohara Hiroki,https://chapmanganato.to/manga-vy998433/chapter-13.1,Manganato
The Lone Necromancer,Chapter 154,"Nov 24,24","JJJ (지점장), Kim Kyung Yeol (김경열)",https://chapmanganato.to/manga-mu989829/chapter-154,Manganato
Temple Of Dragon King,Chapter 291,"Nov 24,24",論本命漫画,https://chapmanganato.to/manga-iy985481/chapter-291,Manganato
Back From Black,Chapter 38,"Nov 24,24",,https://chapmanganato.to/manga-an1003396/chapter-38,Manganato
I Have 90 Billion Licking Gold,Chapter 421,"Nov 24,24",Fanqie Manhua (番茄漫画),https://chapmanganato.to/manga-wn999648/chapter-421,Manganato
Children Of Vamfield,Chapter 37,"Nov 24,24",HYBE,https://chapmanganato.to/manga-am1003395/chapter-37,Manganato
Wu Di Zhi Qian Qing Zhai Tai Duo,Chapter 117,"Nov 24,24",遍地星辰 ; 天空树漫工厂,https://chapmanganato.to/manga-qf993462/chapter-117,Manganato
Oomuroke,Vol.7 Chapter 100,"Nov 24,24",Namori,https://chapmanganato.to/manga-ek954393/chapter-100,Manganato
Moonmade Child,Chapter 90,"Nov 24,24",ohnyun,https://chapmanganato.to/manga-oo991871/chapter-90,Manganato
I Became The Mother Of The Bloody Male Lead,Chapter 64,"Nov 24,24","Jong Ibam, Peril",https://chapmanganato.to/manga-vk999245/chapter-64,Manganato
So Not My Type,Chapter 78,"Nov 24,24",Park Yoon-young,https://chapmanganato.to/manga-yo1002149/chapter-78,Manganato
Hadacamera,Vol.6 Chapter 46: Last Love,"Nov 24,24",Honna Wakou,https://chapmanganato.to/manga-aj977744/chapter-46,Manganato
The Possesive Tyrant And His Sleepy Cat,Chapter 49,"Nov 24,24","Ppomppom , SANDO , Yunna",https://chapmanganato.to/manga-zn1003196/chapter-49,Manganato
I Will Temporarily Protect The Male Lead,Chapter 60,"Nov 24,24","Euncha , Hea , Wasabi",https://chapmanganato.to/manga-pu993077/chapter-60,Manganato
Reflection Of The Soul,Chapter 32,"Nov 24,24",Magovi,https://chapmanganato.to/manga-aj1003392/chapter-32,Manganato
Enter The Other World Reloaded,Chapter 90,"Nov 24,24","TTOWOM , wm (II) , Yim Kyung Bae , ChoCho , 쵸쵸",https://chapmanganato.to/manga-qc993911/chapter-90,Manganato
Unstoppable Hayeong,Chapter 49,"Nov 24,24",woo_eong,https://chapmanganato.to/manga-vm999269/chapter-49,Manganato
Goddess’S Way Of Attacking Tigers,Chapter 70,"Nov 24,24","Awan , Cheongla",https://chapmanganato.to/manga-vs999227/chapter-70,Manganato
Maru Is A Puppy,Chapter 69,"Nov 24,24",Mojo (II),https://chapmanganato.to/manga-va999183/chapter-69,Manganato
The Video Game Store Under The Barbershop,Chapter 27,"Nov 24,24",Ha Il Kwon,https://chapmanganato.to/manga-al1004068/chapter-27,Manganato
Standard Heroes,Chapter 48,"Nov 24,24",오솟,https://chapmanganato.to/manga-bo1005297/chapter-48,Manganato
Becoming A Family With The Duke And His Dear Son,Chapter 26,"Nov 24,24","Cha , Yoon Hawol , Cha (차) , gombalgolm",https://chapmanganato.to/manga-bj1004766/chapter-26,Manganato
Zombie X Slasher,Chapter 71,"Nov 24,24",Narak,https://chapmanganato.to/manga-tk996693/chapter-71,Manganato
Mahouka Koukou No Rettousei - Shizoku Kaigi-Hen,Vol.3 Chapter 13: The Terrorist Attack,"Nov 24,24","Satou Tsutomu,Takeda Hazumi",https://chapmanganato.to/manga-kh987690/chapter-13,Manganato
Disaster Is Always Nearby,Chapter 15,"Nov 24,24","Lee Hye , 이혜",https://chapmanganato.to/manga-zo1002497/chapter-15,Manganato
After School Lessons For Unripe Apples,Chapter 151,"Nov 24,24",Soonkki,https://chapmanganato.to/manga-qp993550/chapter-151,Manganato
Return Of The Gods,Chapter 43,"Nov 24,24",Hongmuje,https://chapmanganato.to/manga-ze1002987/chapter-43,Manganato
"How Can There Be A Divorce When We Haven’T Even Married, Your Majesty?",Chapter 25,"Nov 24,24","Legendary Cat , Hara (C-Route)",https://chapmanganato.to/manga-bz1004634/chapter-25,Manganato
This Isn't It,Chapter 52,"Nov 24,24",Bom So Hee,https://chapmanganato.to/manga-ov991678/chapter-52,Manganato
The King Of Snow,Chapter 23,"Nov 24,24",漫潮社,https://chapmanganato.to/manga-xr1001052/chapter-23,Manganato
The World Is Money And Power,Chapter 191: (S2) Episode 84,"Nov 24,24","Han Dong-woo, Lee Doo-hee",https://chapmanganato.to/manga-bc979211/chapter-191,Manganato
From A Knight To A Lady,Chapter 132: (S3) Episode 131,"Nov 24,24",Song Hye-rim,https://chapmanganato.to/manga-mj989544/chapter-132,Manganato
The Happiness Of The Old Miss Saint,Vol.1 Chapter 5: Marialite's Feelings,"Nov 24,24","Garasumachi Hari , HANADA Yotsuba , NEMUI Fuji",https://chapmanganato.to/manga-yi1002343/chapter-5,Manganato
The Remarried Empress,Chapter 194: (S4) Episode 190,"Nov 24,24","Alpha Tart , Herelee , Sumpul",https://chapmanganato.to/manga-gx983580/chapter-194,Manganato
Our Night Shift,Chapter 18,"Nov 24,24","Dung Geul Daenggeul , Libeu Bai , Syobi",https://chapmanganato.to/manga-bl1005146/chapter-18,Manganato
The End Is A Game To Me,Chapter 63,"Nov 24,24","Hoopa,Choi Woo-Jin",https://chapmanganato.to/manga-tg996441/chapter-63,Manganato
To The Stars I Love,Chapter 97,"Nov 24,24",Gonarija,https://chapmanganato.to/manga-rh994916/chapter-97,Manganato
What Does That Evil Dragon Live For?,Chapter 54,"Nov 24,24","Lemon Frog , Honaran",https://chapmanganato.to/manga-tt997302/chapter-54,Manganato
Fell Into The Arms Of A Mad Villain,Chapter 47,"Nov 24,24","Jin Yoorim , Yoon Jiseon",https://chapmanganato.to/manga-wu1000255/chapter-47,Manganato
It Rains On Precious Days,Chapter 127,"Nov 24,24",,https://chapmanganato.to/manga-oi991991/chapter-127,Manganato
"The 100 Girlfriends Who Really, Really, Really, Really, Really Love You",Chapter 197: Rentarou's Daily Life With His Girlfriends (Part Four),"Nov 24,24","Yukiko Nozawa,Rikito Nakamura",https://chapmanganato.to/manga-gd984186/chapter-197,Manganato
Maou Ga Inaka Ni Totsuidara,Vol.2 Chapter 7: The Countryside And The Summer Sea,"Nov 24,24",Takahara Hirota,https://chapmanganato.to/manga-te996813/chapter-7,Manganato
The Role Of The Femme Fatale,Chapter 4,"Nov 24,24",Sasuke,https://chapmanganato.to/manga-zu1002477/chapter-4,Manganato
Ako To Bambi,Vol.7 Chapter 84: Support,"Nov 24,24",HERO,https://chapmanganato.to/manga-il985920/chapter-84,Manganato
Pokemon Heroines,Chapter 6,"Nov 24,24",Gen (eat_some_cookie),https://chapmanganato.to/manga-ce1005687/chapter-6,Manganato
The Gals In My Class Treat Me Like Air,Chapter 28: Nana-Chan's Family Gathering,"Nov 24,24",Beirizu,https://chapmanganato.to/manga-wq999573/chapter-28,Manganato
Grand Dwarf,Chapter 38,"Nov 24,24",Saito Naotake,https://chapmanganato.to/manga-tf996662/chapter-38,Manganato
Kage No Jitsuryokusha Ni Naritakute! Shadow Gaiden,Chapter 46,"Nov 24,24","Daisuke Aizawa,Seta-U",https://chapmanganato.to/manga-wa1000057/chapter-46,Manganato
"Please Be Gentle, My Bossy Uncle!",Chapter 440,"Nov 24,24",Updating,https://chapmanganato.to/manga-ig986241/chapter-440,Manganato
Study Group,Chapter 251,"Nov 24,24",Hyungwook Shin,https://chapmanganato.to/manga-eh981990/chapter-251,Manganato
My Battleship Can Be Upgraded My Battleship Can Be Upgraded,Chapter 92,"Nov 24,24",青葶动漫,https://chapmanganato.to/manga-ap1003472/chapter-92,Manganato
Prey,Vol.1 Chapter 33: Shackles (12),"Nov 24,24",Cyclops,https://chapmanganato.to/manga-pj992392/chapter-33,Manganato
"I Will Steal Her, My First Love!",Chapter 12,"Nov 24,24",Seoya,https://chapmanganato.to/manga-bu1005055/chapter-12,Manganato
I Will Take The Duchy From Today,Chapter 71,"Nov 24,24","Royal B,Yumin",https://chapmanganato.to/manga-ti996965/chapter-71,Manganato
A Bad Person,Chapter 143,"Nov 24,24",Dooms,https://chapmanganato.to/manga-lp989224/chapter-143,Manganato
Lord Of Destiny Wheel,Chapter 59,"Nov 24,24","iCiyuan, 动漫 , Armode Culture",https://chapmanganato.to/manga-yw1001805/chapter-59,Manganato
Why Do You Love Me When I Refuse Your Request?,Notice. : Official,"Nov 24,24","See Yoo-ah , Moran , Seo Children , Yonji",https://chapmanganato.to/manga-ls989101/chapter-37.1,Manganato
Catastrophic Necromancer,Chapter 136,"Nov 24,24",黑鸟社,https://chapmanganato.to/manga-td996812/chapter-136,Manganato
"Welcome Home, Papa",Chapter 23: Escape,"Nov 24,24",Semimaru,https://chapmanganato.to/manga-qw993631/chapter-23,Manganato
My Guildmate Next Door,Chapter 61,"Nov 24,24","허니트랩 , Angela , Honey Trap , Bijak",https://chapmanganato.to/manga-ue997839/chapter-61,Manganato
Miracle Illusion,Chapter 17,"Nov 24,24",Yobibi,https://chapmanganato.to/manga-ct1005554/chapter-17,Manganato
Isn’T My Husband Something Else?,Chapter 8,"Nov 24,24",Ooguchi Minato,https://chapmanganato.to/manga-bn1004422/chapter-8,Manganato
Earth With Dungeon: Koyuu Skill “Touka Koukan Store” O Kushi Shite Sekai Kyuusai O Mezashimasu,Chapter 3,"Nov 24,24",Kei Takato,https://chapmanganato.to/manga-bd1005012/chapter-3,Manganato
Beyond Memories,Chapter 55,"Nov 24,24",Oneulbom,https://chapmanganato.to/manga-wk1000245/chapter-55,Manganato
Hold Over You,Chapter 16,"Nov 24,24","Money , 머니",https://chapmanganato.to/manga-br1004926/chapter-16,Manganato
Cry Me A River,Chapter 44,"Nov 24,24",Majjip,https://chapmanganato.to/manga-vj999044/chapter-44,Manganato
The White Wolf’S Bride,Chapter 51,"Nov 24,24",KOTOBUKI Tao,https://chapmanganato.to/manga-zk1003245/chapter-51,Manganato
Night Of The Unmarked,Chapter 23,"Nov 24,24",Today Spring (오늘봄),https://chapmanganato.to/manga-xi1000617/chapter-23,Manganato
Despite That,Chapter 14,"Nov 24,24",Han chae,https://chapmanganato.to/manga-za1002709/chapter-14,Manganato
Losing Money To Be A Tycoon,Chapter 151,"Nov 24,24","丛潇 , 阅文漫画",https://chapmanganato.to/manga-qw993479/chapter-151,Manganato
The Devil Butler,Chapter 626,"Nov 24,24","Wuer Manhua , Ye xiao",https://chapmanganato.to/manga-gr983826/chapter-626,Manganato
The Mysterious World’S Greatest Martial Artist Little Prince,Chapter 53,"Nov 24,24","Unchan , Sanghwang Igeubhande",https://chapmanganato.to/manga-wh1000216/chapter-53,Manganato
Snake In The Office,Vol.2 Chapter 35,"Nov 24,24",Tony Kuusisto,https://chapmanganato.to/manga-yj1001392/chapter-35,Manganato
Tsuraneko,Chapter 17: Nmemosyne - Part 2,"Nov 24,24",Kumakura Takatoshi,https://chapmanganato.to/manga-pm992547/chapter-17,Manganato
Obsession Is Not Allowed,Chapter 7,"Nov 24,24",,https://chapmanganato.to/manga-cw1005831/chapter-7,Manganato
I’M In Love With My Foe,Chapter 114,"Nov 24,24",,https://chapmanganato.to/manga-vn998448/chapter-114,Manganato
Rust,Chapter 14,"Nov 24,24",,https://chapmanganato.to/manga-bb1005336/chapter-14,Manganato
