Title,New Chapter,Date,Website
Dragon Ball Super,Vol. 15 Ch. 65 - سون گوکو، زمینی,2024-12-20,MangaDex
Dragon Ball Super,Vol. 14 Ch. 64 - افسر گشت کهکشانی، سون گوکو,2024-12-20,MangaDex
Nanjou-san wa Boku ni Dakaretai,Vol. 1 Ch. 3 - Kencan Pertama Dengan Nanjou-san,2024-12-20,MangaDex
Blue Archive! (Global),Ch. 165 - Ninjutsu! Teknik Idola Pop!,2024-12-20,MangaDex
I Contracted Myself,Ch. 18,2024-12-20,MangaDex
The Ember Knight,Ch. 88,2024-12-20,MangaDex
The Ember Knight,Ch. 87,2024-12-20,MangaDex
Filipino Kaisen | Fanmade Spinoff,Vol. 1 Ch. 7 - Luzon Sorcery Highschool,2024-12-20,MangaDex
Way to the Glory,Ch. 71,2024-12-20,MangaDex
Apocalyptic Thief,Ch. 56,2024-12-20,MangaDex
Eighty Eight wo 2 Dewatte,Ch. 25,2024-12-20,MangaDex
"Subdue My ""Villain"" Hubby",Ch. 88,2024-12-20,MangaDex
Off Village: Daisanbou Okabe,Vol. 1 Ch. 6 - Human,2024-12-20,MangaDex
Akane-banashi,Vol. 2 Ch. 12 - Seorang Pemimpi,2024-12-20,MangaDex
Bokura no Kiseki,Vol. 29 Ch. 138,2024-12-20,MangaDex
Shiori Experience: My Plain Self and an Odd Old Man,Vol. 17 Ch. 78 - Dodge,2024-12-20,MangaDex
Mesh,Ch. 2 - Rouge,2024-12-20,MangaDex
Red Cat Ramen,Ch. 49,2024-12-20,MangaDex
Berserk of Gluttony,Vol. 13 Ch. 67 - Возрождение Хаузена,2024-12-20,MangaDex
Berserk of Gluttony,Vol. 13 Ch. 66 - Сила Лайбры,2024-12-20,MangaDex
Berserk of Gluttony,"Vol. 12 Ch. 65.2 - Пожиратель городов, Монстр",2024-12-20,MangaDex
Berserk of Gluttony,N/A,2024-12-20,MangaDex
Goshujinsama no Shikabane,Vol. 1 Ch. 1 - The Master and the Maid (remake),2024-12-20,MangaDex
30 Minute Sisters AROUND!,Ch. 21 - Aerial Combat Continues?!,2024-12-20,MangaDex
Bombergirl,Ch. 239 - Pinyan Clone Saga,2024-12-20,MangaDex
Boys Be... 2nd Season,Vol. 4 Ch. 31 - Memories of Kyoto - Faraway Love (Part Two),2024-12-20,MangaDex
Boys Be... 2nd Season,Vol. 4 Ch. 30 - Memories of Kyoto - Faraway Love (Part One),2024-12-20,MangaDex
Boys Be... 2nd Season,"Vol. 4 Ch. 29 - Frenzied, Frustrated No-No Girl!!",2024-12-20,MangaDex
Boys Be... 2nd Season,N/A,2024-12-20,MangaDex
Boys Be... 2nd Season,N/A,2024-12-20,MangaDex
Boys Be... 2nd Season,N/A,2024-12-20,MangaDex
Boys Be... 2nd Season,N/A,2024-12-20,MangaDex
Dragon Ball Super,Vol. 14 Ch. 63 - تصمیم مروس,2024-12-20,MangaDex
Dragon Ball Super,Vol. 14 Ch. 62 - لبه شکست,2024-12-20,MangaDex
Dragon Ball Super,Vol. 14 Ch. 61 - تولد دوباره‌ی وجیتا,2024-12-20,MangaDex
Boys Be... 2nd Season,Vol. 4 Ch. 24 - Give Me a Special Beat!,2024-12-20,MangaDex
Boys Be... 2nd Season,Vol. 3 Ch. 23 - Fortunetelling: A Dangerous Aphrodisiac!,2024-12-20,MangaDex
Boys Be... 2nd Season,Vol. 3 Ch. 22 - High-Pressure Lovin',2024-12-20,MangaDex
Boys Be... 2nd Season,N/A,2024-12-20,MangaDex
Boys Be... 2nd Season,N/A,2024-12-20,MangaDex
Boys Be... 2nd Season,N/A,2024-12-20,MangaDex
Boys Be... 2nd Season,N/A,2024-12-20,MangaDex
Boys Be... 2nd Season,N/A,2024-12-20,MangaDex
Boys Be... 2nd Season,N/A,2024-12-20,MangaDex
Boys Be... 2nd Season,N/A,2024-12-20,MangaDex
Boys Be... 2nd Season,N/A,2024-12-20,MangaDex
Boys Be... 2nd Season,N/A,2024-12-20,MangaDex
Boys Be... 2nd Season,N/A,2024-12-20,MangaDex
Boys Be... 2nd Season,N/A,2024-12-20,MangaDex
Boys Be... 2nd Season,N/A,2024-12-20,MangaDex
Boys Be... 2nd Season,N/A,2024-12-20,MangaDex
Boys Be... 2nd Season,N/A,2024-12-20,MangaDex
Boys Be... 2nd Season,N/A,2024-12-20,MangaDex
Boys Be... 2nd Season,N/A,2024-12-20,MangaDex
Boys Be... 2nd Season,N/A,2024-12-20,MangaDex
Boys Be... 2nd Season,N/A,2024-12-20,MangaDex
Boys Be... 2nd Season,N/A,2024-12-20,MangaDex
A Story About Becoming the 'Slave' of a Bullied Kid,Oneshot,2024-12-20,MangaDex
Blue Archive - Kankan's Blue Archive Logs (Doujinshi),Ch. 16 - Kontes,2024-12-20,MangaDex
Kawaisou na Imouto-chan,Ch. 74,2024-12-20,MangaDex
A Livid Lady's Guide to Getting Even: How I Crushed My Homeland with My Mighty Grimoires,Vol. 2 Ch. 11,2024-12-20,MangaDex
It's Over! Empress' Husband Is Actually Invincible,Ch. 30 - The Empress Rules the World,2024-12-20,MangaDex
Curves of Her and Me,Ch. 7,2024-12-20,MangaDex
Franken Fran Frantic,Vol. 10 Ch. 65 - Семейная фикция,2024-12-20,MangaDex
Boys Be... 2nd Season,"Vol. 1 Ch. 3 - Love, Piercings and Judo (End)",2024-12-20,MangaDex
Boys Be... 2nd Season,"Vol. 1 Ch. 2 - Love, Piercings and Judo (Middle)",2024-12-20,MangaDex
Boys Be... 2nd Season,"Vol. 1 Ch. 1 - Love, Piercings and Judo (Beginning)",2024-12-20,MangaDex
Dragon Ball Super,Vol. 13 Ch. 60 - پیش بینی غلط مروس,2024-12-20,MangaDex
Dragon Ball Super,Vol. 13 Ch. 59 - فعال کردن -علامت- غریزه ماورایی,2024-12-20,MangaDex
Dragon Ball Super,Vol. 13 Ch. 58 - سون گوکو وارد می‌شود,2024-12-20,MangaDex
Dragon Ball Super,N/A,2024-12-20,MangaDex
Dragon Ball Super,N/A,2024-12-20,MangaDex
Dragon Ball Super,N/A,2024-12-20,MangaDex
Dragon Ball Super,N/A,2024-12-20,MangaDex
Dragon Ball Super,N/A,2024-12-20,MangaDex
Nukoduke!,Vol. 11 Ch. 262,2024-12-20,MangaDex
Neko no Te datte Yaku ni Tatsu,Ch. 295 - From Now On,2024-12-20,MangaDex
Heart of Thorns,Ch. 23 - Girl,2024-12-20,MangaDex
Cacomistle's Anthology,"Ch. 49 - Take Advantage Of His Habit, Hypnosis Boy",2024-12-20,MangaDex
Lock On,Ch. 1 - Lock On,2024-12-20,MangaDex
Lock On,Ch. 0,2024-12-20,MangaDex
Lock On,Ch. 1,2024-12-20,MangaDex
Kawaisou na Imouto-chan,Ch. 73,2024-12-20,MangaDex
Kawaisou na Imouto-chan,Ch. 72,2024-12-20,MangaDex
Kawaisou na Imouto-chan,Ch. 71,2024-12-20,MangaDex
Slime Seijo,Vol. 2 Ch. 16 - Сила святой,2024-12-20,MangaDex
Half,Ch. 64 - Dreamy View (2),2024-12-20,MangaDex
Concentration of Malice,Ch. 21,2024-12-20,MangaDex
N,Ch. 11 - K,2024-12-20,MangaDex
Ani no Yome to Kurashite Imasu.,Vol. 16 Ch. 160 - Diary.160,2024-12-20,MangaDex
Densetsu no Otokonoko Mokkori Haishinsha,Ch. 39,2024-12-20,MangaDex
Kao dake yoi Classmate ga Yatara to Guigui Kuru Yuri no Hanashi,Ch. 3.2,2024-12-20,MangaDex
Herami Shimai wa Docchi mo Yanderu,Vol. 4 Ch. 19,2024-12-20,MangaDex
"Sono Munou, Jitsu wa Sekai Saikyou no Mahoutsukai ~Munou to Sagesumare, Kizokuka kara Oidasareta ga, Gift ""Tenseisha"" ga Kakusei shite Zense no Nouryoku ga Yomigaetta~",Ch. 44,2024-12-20,MangaDex
My New Girlfriend Is Not Human?,Vol. 2 Ch. 54 - I'm having a mid-life crisis,2024-12-20,MangaDex
Watashi to Kanojo no Kawaii Koi no Hajime Kata,Vol. 1 Ch. 3 - Cuter than me?! (3),2024-12-20,MangaDex
"Outaishi-sama, Watashi Kondo Koso Anata ni Korosaretakunain desu!",Vol. 1 Ch. 5 - أصدقاء جدد,2024-12-20,MangaDex
"Outaishi-sama, Watashi Kondo Koso Anata ni Korosaretakunain desu!",Vol. 1 Ch. 4 - حفل استقبال مليء بحسابات خاطئة,2024-12-20,MangaDex
"Outaishi-sama, Watashi Kondo Koso Anata ni Korosaretakunain desu!",Vol. 1 Ch. 3 - الظهور غير المتوقع البتة لغيديون سليل الدوق,2024-12-20,MangaDex
"Outaishi-sama, Watashi Kondo Koso Anata ni Korosaretakunain desu!",N/A,2024-12-20,MangaDex
Saihate ni Madou,Vol. 3 Ch. 16,2024-12-20,MangaDex
Dragon Ball Super,Vol. 11 Ch. 52 - تمرینات گوکو و وجیتا,2024-12-20,MangaDex
Dragon Ball Super,Vol. 11 Ch. 51 - هر یک برنامه خودش را دارد,2024-12-20,MangaDex
Dragon Ball Super,Vol. 11 Ch. 50 - فرار بزرگ,2024-12-20,MangaDex
Dragon Ball Super,N/A,2024-12-20,MangaDex
Dragon Ball Super,N/A,2024-12-20,MangaDex
Dragon Ball Super,N/A,2024-12-20,MangaDex
Dragon Ball Super,N/A,2024-12-20,MangaDex
Dragon Ball Super,N/A,2024-12-20,MangaDex
Dragon Ball Super,N/A,2024-12-20,MangaDex
Dragon Ball Super,N/A,2024-12-20,MangaDex
Dragon Ball Super,N/A,2024-12-20,MangaDex
Dragon Ball Super,N/A,2024-12-20,MangaDex
TS Eiseihei-san no Senjou Nikki,Ch. 13,2024-12-20,MangaDex
Yagi-san Yuubin,Vol. 2 Ch. 1 - Lá Thư Đi Lạc 17.5,2024-12-20,MangaDex
Boku no Kanojo Sensei,Vol. 10 Ch. 48,2024-12-20,MangaDex
Kaiju No. 8,Ch. 119,2024-12-20,MangaDex
Madara Rumble,Ch. 18 - Lose the battle,2024-12-20,MangaDex
Keep Your Hands off Eizouken!,Vol. 5 Ch. 33 - Secret Of The Clock Tower,2024-12-20,MangaDex
"Moshimo, Yuurei ga Hatsukoi o Shitara.",Ch. 10,2024-12-20,MangaDex
07-Ghost,Vol. 4 Ch. 23 - 23.fejezet,2024-12-20,MangaDex
We are the Main Characters of the Demon World!,Ch. 231,2024-12-20,MangaDex
I Became a Top Actor Just by Reading Books!,Vol. 1 Ch. 28,2024-12-20,MangaDex
Koha-Ace EX,Vol. 1 Ch. 10 - Throne of Sorrow,2024-12-20,MangaDex
Mabataki no Oto,Ch. 1,2024-12-20,MangaDex
Isshiki-san wa Koi wo shiritai.,Vol. 5 Ch. 26.2 - Cuộc gặp gỡ của Rokutanda Meishi (2),2024-12-20,MangaDex
Kyuusai no Kyoushitsu,Ch. 5,2024-12-20,MangaDex
"Spoil Me Plzzz, Hinamori-san!",Vol. 3 Ch. 19,2024-12-20,MangaDex
Green Box,Ch. 17,2024-12-20,MangaDex
Shikaruneko,Vol. 1 Ch. 4 - What a waste,2024-12-20,MangaDex
Kyuusai no Kyoushitsu,Ch. 4,2024-12-20,MangaDex
Kyuusai no Kyoushitsu,Ch. 3,2024-12-20,MangaDex
Kyuusai no Kyoushitsu,Ch. 2,2024-12-20,MangaDex
Kyuusai no Kyoushitsu,N/A,2024-12-20,MangaDex
Doushitara Osananajimi ♀️ no Kanojo ni Naremasu Ka!?,Vol. 5 Ch. 27,2024-12-20,MangaDex
Academy's Reincarnated Hero,Ch. 1.2,2024-12-20,MangaDex
6-nin no Shinanai Shoujo to Kanarazu Shinu Unmei no Hito,Vol. 1 Ch. 3 - Miya Shinotsuki's Envy,2024-12-20,MangaDex
Synonym,Ch. 2.2,2024-12-20,MangaDex
Namaiki na Gal Ane wo Wakaraseru Hanashi,Ch. 21 - Novio,2024-12-20,MangaDex
Namaiki na Gal Ane wo Wakaraseru Hanashi,Ch. 21 - 「Lover」,2024-12-20,MangaDex
Hazure Hantei kara Hajimatta Cheat Majutsushi Seikatsu,Vol. 9 Ch. 44,2024-12-20,MangaDex
Blue Archive - Kankan's Blue Archive Logs (Doujinshi),Ch. 15 - Pilihan dan Keputusan,2024-12-20,MangaDex
N,Ch. 10 - J,2024-12-20,MangaDex
"Net no ""Oshi"" to Real no ""Oshi"" ga Tonari ni Hikkoshite Kita",Vol. 3 Ch. 14 - Hình như chị uống hơi nhiều rồi...,2024-12-20,MangaDex
Arifureta Shokugyou de Sekai Saikyou,Vol. 1 Ch. 0,2024-12-20,MangaDex
Arifureta Shokugyou de Sekai Saikyou,Vol. 1 Ch. 1.2,2024-12-20,MangaDex
Arifureta Shokugyou de Sekai Saikyou,Vol. 1 Ch. 1.1,2024-12-20,MangaDex
Arifureta Shokugyou de Sekai Saikyou,N/A,2024-12-20,MangaDex
Arifureta Shokugyou de Sekai Saikyou,N/A,2024-12-20,MangaDex
Arifureta Shokugyou de Sekai Saikyou,N/A,2024-12-20,MangaDex
One Story of Hunters,Vol. 1 Ch. 3 - Buscando las huellas,2024-12-20,MangaDex
Grey is...,Vol. 3 Ch. 22 - A Lighthouse,2024-12-20,MangaDex
Zenbu Kimi no Sei da,Vol. 1 Ch. 2,2024-12-20,MangaDex
Chiruran: Shinsengumi Requiem,Vol. 8 Ch. 38 - 逆転,2024-12-20,MangaDex
Chiruran: Shinsengumi Requiem,Vol. 8 Ch. 37 - 周身回轉,2024-12-20,MangaDex
Chiruran: Shinsengumi Requiem,Vol. 8 Ch. 36 - 沉默的死神,2024-12-20,MangaDex
Chiruran: Shinsengumi Requiem,N/A,2024-12-20,MangaDex
Chiruran: Shinsengumi Requiem,N/A,2024-12-20,MangaDex
Mob kara Hajimaru Tansaku Eiyuutan,Vol. 5 Ch. 31,2024-12-20,MangaDex
Curves of Her and Me,Ch. 6,2024-12-20,MangaDex
Arifureta Shokugyou de Sekai Saikyou,Vol. 11 Ch. 61,2024-12-20,MangaDex
Arifureta Shokugyou de Sekai Saikyou,Vol. 11 Ch. 60,2024-12-20,MangaDex
Arifureta Shokugyou de Sekai Saikyou,Vol. 10 Ch. 59,2024-12-20,MangaDex
Arifureta Shokugyou de Sekai Saikyou,N/A,2024-12-20,MangaDex
Arifureta Shokugyou de Sekai Saikyou,N/A,2024-12-20,MangaDex
Arifureta Shokugyou de Sekai Saikyou,N/A,2024-12-20,MangaDex
Arifureta Shokugyou de Sekai Saikyou,N/A,2024-12-20,MangaDex
Arifureta Shokugyou de Sekai Saikyou,N/A,2024-12-20,MangaDex
Arifureta Shokugyou de Sekai Saikyou,N/A,2024-12-20,MangaDex
Arifureta Shokugyou de Sekai Saikyou,N/A,2024-12-20,MangaDex
Arifureta Shokugyou de Sekai Saikyou,N/A,2024-12-20,MangaDex
Arifureta Shokugyou de Sekai Saikyou,N/A,2024-12-20,MangaDex
Arifureta Shokugyou de Sekai Saikyou,N/A,2024-12-20,MangaDex
Arifureta Shokugyou de Sekai Saikyou,N/A,2024-12-20,MangaDex
Arifureta Shokugyou de Sekai Saikyou,N/A,2024-12-20,MangaDex
Arifureta Shokugyou de Sekai Saikyou,N/A,2024-12-20,MangaDex
Arifureta Shokugyou de Sekai Saikyou,N/A,2024-12-20,MangaDex
Arifureta Shokugyou de Sekai Saikyou,N/A,2024-12-20,MangaDex
Arifureta Shokugyou de Sekai Saikyou,N/A,2024-12-20,MangaDex
Arifureta Shokugyou de Sekai Saikyou,N/A,2024-12-20,MangaDex
Arifureta Shokugyou de Sekai Saikyou,N/A,2024-12-20,MangaDex
Arifureta Shokugyou de Sekai Saikyou,N/A,2024-12-20,MangaDex
Arifureta Shokugyou de Sekai Saikyou,N/A,2024-12-20,MangaDex
Bunny Sensei,Ch. 9,2024-12-20,MangaDex
Baili Jin Among Mortals,"Ch. 216 - Dito isso, boa noite",2024-12-20,MangaDex
"Hanarete Kudasai, Meisen-san",Oneshot,2024-12-20,MangaDex
"Sono Munou, Jitsu wa Sekai Saikyou no Mahoutsukai ~Munou to Sagesumare, Kizokuka kara Oidasareta ga, Gift ""Tenseisha"" ga Kakusei shite Zense no Nouryoku ga Yomigaetta~",Ch. 43,2024-12-20,MangaDex
JoJo's Bizarre Adventure Part 9 - The JOJOLands,Ch. 21 - Suspeitas de Impropriedade na Companhia Howler,2024-12-20,MangaDex
Yumizuka Iroha wa Tejun ga Daiji!,Vol. 3 Ch. 38 - Yumizuka Iroha's Autumn Appetite,2024-12-20,MangaDex
Kingdom,Ch. 821 - O Guerreiro de Força Descomunal!,2024-12-20,MangaDex
Being Loved for the First Time,Vol. 1 Ch. 5,2024-12-20,MangaDex
A Married Couple Who is in an Awkward Situation for a While,Oneshot,2024-12-20,MangaDex
Arifureta Shokugyou de Sekai Saikyou,Vol. 6 Ch. 38,2024-12-20,MangaDex
Arifureta Shokugyou de Sekai Saikyou,Vol. 6 Ch. 37,2024-12-20,MangaDex
Arifureta Shokugyou de Sekai Saikyou,Vol. 6 Ch. 36,2024-12-20,MangaDex
Arifureta Shokugyou de Sekai Saikyou,N/A,2024-12-20,MangaDex
Arifureta Shokugyou de Sekai Saikyou,N/A,2024-12-20,MangaDex
Arifureta Shokugyou de Sekai Saikyou,N/A,2024-12-20,MangaDex
Arifureta Shokugyou de Sekai Saikyou,N/A,2024-12-20,MangaDex
Arifureta Shokugyou de Sekai Saikyou,N/A,2024-12-20,MangaDex
Arifureta Shokugyou de Sekai Saikyou,N/A,2024-12-20,MangaDex
Arifureta Shokugyou de Sekai Saikyou,N/A,2024-12-20,MangaDex
Arifureta Shokugyou de Sekai Saikyou,N/A,2024-12-20,MangaDex
Arifureta Shokugyou de Sekai Saikyou,N/A,2024-12-20,MangaDex
Arifureta Shokugyou de Sekai Saikyou,N/A,2024-12-20,MangaDex
Arifureta Shokugyou de Sekai Saikyou,N/A,2024-12-20,MangaDex
Arifureta Shokugyou de Sekai Saikyou,N/A,2024-12-20,MangaDex
Arifureta Shokugyou de Sekai Saikyou,N/A,2024-12-20,MangaDex
Arifureta Shokugyou de Sekai Saikyou,N/A,2024-12-20,MangaDex
Arifureta Shokugyou de Sekai Saikyou,N/A,2024-12-20,MangaDex
Arifureta Shokugyou de Sekai Saikyou,N/A,2024-12-20,MangaDex
Arifureta Shokugyou de Sekai Saikyou,N/A,2024-12-20,MangaDex
Arifureta Shokugyou de Sekai Saikyou,N/A,2024-12-20,MangaDex
Arifureta Shokugyou de Sekai Saikyou,N/A,2024-12-20,MangaDex
Arifureta Shokugyou de Sekai Saikyou,N/A,2024-12-20,MangaDex
The Jeweler's Maid,Vol. 1 Ch. 6.5 - The Two People Talking About a Long Story,2024-12-20,MangaDex
Kimi wa Yotsuba no Clover,Ch. 20,2024-12-20,MangaDex
Sono Bisque Doll wa Koi o Suru,Ch. 112,2024-12-20,MangaDex
Rejoice in Your Enemies,Ch. 46 - Male Model,2024-12-20,MangaDex
One Story of Hunters,Vol. 1 Ch. 2 - Una noche en la ciudad,2024-12-20,MangaDex
One Story of Hunters,Vol. 1 Ch. 2 - A night in the city,2024-12-20,MangaDex
Kuroiwa Medaka ni Watashi no Kawaii ga Tsuujinai,Ch. 137 - Ese tipo y la manta.,2024-12-20,MangaDex
I'm an Evil God,Ch. 518 - The Bloodthirsty and Twisted Blue-Horned Dragon,2024-12-20,MangaDex
Moushin Listener: Yamiochi Haishinsha ni Koishite,Ch. 4,2024-12-20,MangaDex
Arifureta Shokugyou de Sekai Saikyou,Vol. 3 Ch. 15,2024-12-20,MangaDex
Arifureta Shokugyou de Sekai Saikyou,Vol. 2 Ch. 14.5,2024-12-20,MangaDex
Arifureta Shokugyou de Sekai Saikyou,Vol. 2 Ch. 14,2024-12-20,MangaDex
Arifureta Shokugyou de Sekai Saikyou,N/A,2024-12-20,MangaDex
Arifureta Shokugyou de Sekai Saikyou,N/A,2024-12-20,MangaDex
Arifureta Shokugyou de Sekai Saikyou,N/A,2024-12-20,MangaDex
Arifureta Shokugyou de Sekai Saikyou,N/A,2024-12-20,MangaDex
Arifureta Shokugyou de Sekai Saikyou,N/A,2024-12-20,MangaDex
Arifureta Shokugyou de Sekai Saikyou,N/A,2024-12-20,MangaDex
Arifureta Shokugyou de Sekai Saikyou,N/A,2024-12-20,MangaDex
Babysitting the Male Lead,Ch. 63,2024-12-20,MangaDex
Rebirth of the Strongest Sword God,Ch. 80 - O Trabalho Está Feito,2024-12-20,MangaDex
Rebirth of the Strongest Sword God,Ch. 79 - Peixe Dourado,2024-12-20,MangaDex
Rebirth of the Strongest Sword God,Ch. 78 - Derrotado,2024-12-20,MangaDex
Rebirth of the Strongest Sword God,N/A,2024-12-20,MangaDex
Rebirth of the Strongest Sword God,N/A,2024-12-20,MangaDex
Rebirth of the Strongest Sword God,N/A,2024-12-20,MangaDex
Rebirth of the Strongest Sword God,N/A,2024-12-20,MangaDex
Asobinin wa Kenja ni Tenshoku Dekiru tte Shittemashita? ~ Yuusha Party o Tsuihou Sareta Lv 99,Ch. 56,2024-12-20,MangaDex
Holiday Yasumi's Twitter Shorts,Ch. 422 - True Feelings,2024-12-20,MangaDex
Hamster,Ch. 6,2024-12-20,MangaDex
Hamster,Ch. 5,2024-12-20,MangaDex
Hamster,Ch. 4,2024-12-20,MangaDex
Hamster,N/A,2024-12-20,MangaDex
Hamster,N/A,2024-12-20,MangaDex
Hamster,N/A,2024-12-20,MangaDex
Blue Archive - Game Kaihatsubu Dai Bouken!,Vol. 1 Ch. 7.5 - Volume 1 Extras,2024-12-20,MangaDex
I Want to Live a Good Life,Ch. 11,2024-12-20,MangaDex
FUGA: Melodies of Steel,Vol. 7 Ch. 38,2024-12-20,MangaDex
The Purpose of Marriage,Ch. 10,2024-12-20,MangaDex
I Took Over The System Players,Ch. 8 - Presente de despedida,2024-12-20,MangaDex
Mankitsu Shitai Jouren-san,Vol. 2 Ch. 19,2024-12-20,MangaDex
Clannad,Vol. 4 Ch. 20,2024-12-20,MangaDex
Clannad,Vol. 4 Ch. 21,2024-12-20,MangaDex
Clannad,Vol. 4 Ch. 25,2024-12-20,MangaDex
Clannad,N/A,2024-12-20,MangaDex
Clannad,N/A,2024-12-20,MangaDex
Clannad,N/A,2024-12-20,MangaDex
Clannad,N/A,2024-12-20,MangaDex
Clannad,N/A,2024-12-20,MangaDex
Clannad,N/A,2024-12-20,MangaDex
Clannad,N/A,2024-12-20,MangaDex
Clannad,N/A,2024-12-20,MangaDex
Clannad,N/A,2024-12-20,MangaDex
Clannad,N/A,2024-12-20,MangaDex
Clannad,N/A,2024-12-20,MangaDex
Clannad,N/A,2024-12-20,MangaDex
Clannad,N/A,2024-12-20,MangaDex
Clannad,N/A,2024-12-20,MangaDex
Clannad,N/A,2024-12-20,MangaDex
Clannad,N/A,2024-12-20,MangaDex
It's Over! Empress' Husband Is Actually Invincible,Ch. 29 - Offering Strategies,2024-12-20,MangaDex
Yankee JK Kuzuhana-chan,Vol. 1 Ch. 1 - Sopravvivenza nel giardino dei fiori,2024-12-20,MangaDex
Tenchou to Mujikakuna Tennin,Ch. 37 - The JK & Disappearing,2024-12-20,MangaDex
Yuurei to Tsukareta Kaishain,Ch. 326,2024-12-20,MangaDex
Tomodachi Gokko,Vol. 3 Ch. 19 - Strawberry,2024-12-20,MangaDex
The Beginning After the End,Vol. 6 Ch. 199 - Apenas eles,2024-12-20,MangaDex
The Beginning After the End,Vol. 6 Ch. 198 - Um motivo para celebrar,2024-12-20,MangaDex
A Boyish Girlfriend in High Humidity,Ch. 30 - A minha namorada masculina com alta umidade gosta mais de comida do que flores!,2024-12-20,MangaDex
A Boyish Girlfriend in High Humidity,Ch. 29 - Não combina com uma namorada masculina com alta umidade,2024-12-20,MangaDex
A Hero Who Does Everything Perfectly,Ch. 29,2024-12-20,MangaDex
Hell’s Paradise: Jigokuraku,Vol. 3 Ch. 20 - Cap. 20,2024-12-20,MangaDex
Shinyaku Seisho,Vol. 5 Ch. 31 - Giấc mơ... hay sứ mệnh? Thư Rome.,2024-12-20,MangaDex
Tigridia,Vol. 2 Ch. 16,2024-12-20,MangaDex
Hell’s Paradise: Jigokuraku,Vol. 3 Ch. 19 - Cap. 19,2024-12-20,MangaDex
Hell’s Paradise: Jigokuraku,Vol. 3 Ch. 18 - Cap. 18,2024-12-20,MangaDex
Clannad,Vol. 1 Ch. 2,2024-12-20,MangaDex
Clannad,Vol. 1 Ch. 1,2024-12-20,MangaDex
The Girl with a Kansai Accent and the Pure Boy,Ch. 34 - Shuttoshiteru,2024-12-20,MangaDex
The Girl with a Kansai Accent and the Pure Boy,Ch. 33 - Sukkyanen,2024-12-20,MangaDex
Shouwaru Tensai Osananajimi to no Shoubu ni Makete Hatsutaiken o Zenbu Ubawareru Hanashi,Ch. 9 - Cap 9,2024-12-20,MangaDex
White World,Vol. 4 Ch. 38 - Dream In Color,2024-12-20,MangaDex
Arifureta Shokugyou de Sekai Saikyou,Vol. 2 Ch. 13,2024-12-20,MangaDex
Arifureta Shokugyou de Sekai Saikyou,Vol. 1 Ch. 5,2024-12-20,MangaDex
Ninja Papa,"Vol. 7 Ch. 54 - Hall of 10,000 Demons",2024-12-20,MangaDex
"There's 49 Left, Master!",Ch. 50,2024-12-20,MangaDex
Goblin Slayer,Ch. 94,2024-12-20,MangaDex
"I Am the Youngest Daughter of Murim’s Strongest, the Namgung Clan",Ch. 29,2024-12-20,MangaDex
Genjitsushugi Yuusha no Oukoku Saikenki,Vol. 1 Ch. 3,2024-12-20,MangaDex
Genjitsushugi Yuusha no Oukoku Saikenki,Vol. 1 Ch. 2,2024-12-20,MangaDex
Genjitsushugi Yuusha no Oukoku Saikenki,Vol. 1 Ch. 1,2024-12-20,MangaDex
Eguchi-san Chi no Junjou Succubus,Ch. 3,2024-12-20,MangaDex
Arifureta Shokugyou de Sekai Saikyou Zero,Vol. 3 Ch. 11,2024-12-20,MangaDex
Arifureta Shokugyou de Sekai Saikyou Zero,Vol. 3 Ch. 10,2024-12-20,MangaDex
Arifureta Shokugyou de Sekai Saikyou Zero,Vol. 2 Ch. 9,2024-12-20,MangaDex
Arifureta Shokugyou de Sekai Saikyou Zero,N/A,2024-12-20,MangaDex
Arifureta Shokugyou de Sekai Saikyou Zero,N/A,2024-12-20,MangaDex
Kuse Tsuyo Kanojo wa Toko ni Izanau,Ch. 6,2024-12-20,MangaDex
I’ll Never Set Foot in That House Again!,Vol. 1 Ch. 3,2024-12-20,MangaDex
I’ll Never Set Foot in That House Again!,Vol. 1 Ch. 2,2024-12-20,MangaDex
I’ll Never Set Foot in That House Again!,Vol. 1 Ch. 1,2024-12-20,MangaDex
The Demon King Levels Up,Vol. 2 Ch. 97,2024-12-20,MangaDex
Mapping - The Trash-Tier Skill That Got Me Into a Top-Tier Party,Vol. 1 Ch. 1,2024-12-20,MangaDex
Horobi no Kuni no Seifukusha,Vol. 1 Ch. 2,2024-12-20,MangaDex
Horobi no Kuni no Seifukusha,Vol. 1 Ch. 1,2024-12-20,MangaDex
Soul Land II - The Peerless Tang Sect,Ch. 545,2024-12-20,MangaDex
The Magic in this Other World is Too Far Behind!,Vol. 1 Ch. 3,2024-12-20,MangaDex
The Magic in this Other World is Too Far Behind!,Vol. 1 Ch. 2,2024-12-20,MangaDex
The Magic in this Other World is Too Far Behind!,Vol. 1 Ch. 1,2024-12-20,MangaDex
Saihate ni Madou,Vol. 3 Ch. 15,2024-12-20,MangaDex
Arifureta Shokugyou de Sekai Saikyou Zero,Vol. 2 Ch. 6,2024-12-20,MangaDex
Arifureta Shokugyou de Sekai Saikyou Zero,Vol. 2 Ch. 5,2024-12-20,MangaDex
Arifureta Shokugyou de Sekai Saikyou Zero,Vol. 1 Ch. 4,2024-12-20,MangaDex
Arifureta Shokugyou de Sekai Saikyou Zero,N/A,2024-12-20,MangaDex
Arifureta Shokugyou de Sekai Saikyou Zero,N/A,2024-12-20,MangaDex
Nozomanu Fushi no Boukensha,Vol. 1 Ch. 3,2024-12-20,MangaDex
Nozomanu Fushi no Boukensha,Vol. 1 Ch. 2,2024-12-20,MangaDex
Nozomanu Fushi no Boukensha,Vol. 1 Ch. 1,2024-12-20,MangaDex
The Master of Ragnarok & Blesser of Einherjar,Vol. 4 Ch. 27c,2024-12-20,MangaDex
The Master of Ragnarok & Blesser of Einherjar,Vol. 4 Ch. 27b,2024-12-20,MangaDex
The Master of Ragnarok & Blesser of Einherjar,Vol. 4 Ch. 27,2024-12-20,MangaDex
Second Life Ranker,Vol. 3 Ch. 194,2024-12-20,MangaDex
"Maou no Ore ga Dorei Elf wo Yome ni Shitanda ga, Dou Medereba ii?",Vol. 6 Ch. 27,2024-12-20,MangaDex
Otonari no Tenshi-sama ni Itsu no Ma ni ka Dame Ningen ni Sareteita Ken,Vol. 5 Ch. 20.1,2024-12-20,MangaDex
Professor,Ch. 8,2024-12-20,MangaDex
I Don't Feel Like Doing Anything,Ch. 91 - Chapter 91,2024-12-20,MangaDex
Maou Reijou no Kyouiku Gakari ~Yuusha Gakuin o Tsuihou Sareta Heimin Kyoushi wa Maou no Musume-Tachi no Katei Kyoushi to Naru~,Ch. 14,2024-12-20,MangaDex
Leveling Up Alone,Vol. 3 Ch. 165,2024-12-20,MangaDex
Hero Eden,Ch. 4,2024-12-20,MangaDex
Sesesese! ~Mezase Hatsu H! Doutei Joshi no Tokimeki Daisakusen~,Ch. 16 - Vs. Aggression,2024-12-20,MangaDex
Why Are You Obsessed With Your Fake Wife?,Vol. 1 Ch. 32 - Tata zadaje kilka dobrych pytań,2024-12-20,MangaDex
Genius Hitter Hits Fastball,Ch. 33,2024-12-20,MangaDex
Genius Hitter Hits Fastball,Ch. 32,2024-12-20,MangaDex
Monsters Convent,Vol. 1 Ch. 5.5 - Irmã Carmentina,2024-12-20,MangaDex
Monsters Convent,Vol. 1 Ch. 5.5 - Sister Carmentine,2024-12-20,MangaDex
Death March kara Hajimaru Isekai Kyousoukyoku,Vol. 18 Ch. 119 - O Pedido da Princesa Menea v.2 (10 Páginas Adicionais),2024-12-20,MangaDex
A Tactical Genius on the Field,Ch. 55,2024-12-20,MangaDex
Azure Legacy,Ch. 298,2024-12-20,MangaDex
Arifureta Shokugyou de Sekai Saikyou Zero,Vol. 1 Ch. 1,2024-12-20,MangaDex
Administrator Kang Jin Lee,Ch. 158,2024-12-20,MangaDex
Sono Bisque Doll wa Koi o Suru,Ch. 112,2024-12-20,MangaDex
The Oppressed Magic Tool Maker Elopes with a Mob Servant,Ch. 8,2024-12-20,MangaDex
The Oppressed Magic Tool Maker Elopes with a Mob Servant,Ch. 7,2024-12-20,MangaDex
